protocol,proxy
http,95.164.89.123:8888
http,200.59.184.121:999
http,45.95.203.109:4444
http,65.109.199.184:80
http,67.43.236.20:20885
http,188.166.222.236:3128
http,41.89.16.6:80
http,178.48.68.61:18080
http,45.144.65.45:4444
http,114.231.82.116:8089
http,45.95.203.200:4444
http,68.183.143.134:80
http,51.254.78.223:80
http,45.144.65.29:4444
http,210.212.39.130:8080
http,218.6.120.111:7777
http,221.6.139.190:9002
http,93.123.22.151:80
http,149.129.51.152:443
http,80.78.65.230:8080
http,39.165.0.137:9002
http,45.95.203.139:4444
http,190.103.177.131:80
http,202.180.16.1:8080
http,31.146.5.178:8080
http,45.95.232.128:3128
http,185.191.236.162:3128
http,72.10.160.90:23627
http,103.73.66.36:8085
http,45.90.216.44:4444
http,45.90.219.12:4444
http,181.209.82.154:23500
http,165.22.36.164:10006
http,185.103.102.128:80
http,103.105.196.214:80
http,103.153.63.211:8085
http,138.201.182.222:80
http,136.243.89.93:8888
http,45.144.65.13:4444
http,138.197.16.249:10005
http,180.130.190.32:3000
http,103.105.196.112:80
http,45.89.65.217:4444
http,117.54.114.32:80
http,67.61.140.122:8080
http,197.243.20.186:80
http,188.132.146.75:8080
http,12.163.95.161:8080
http,117.160.250.134:8899
http,103.49.28.23:12113
http,114.245.111.48:34811
http,37.26.223.96:9080
http,157.245.14.43:8888
http,202.131.65.110:80
http,36.67.8.169:8080
http,72.10.160.90:5277
http,197.255.126.69:80
http,103.40.11.141:3128
http,45.90.218.209:4444
http,82.204.150.190:3129
http,159.65.245.255:80
http,114.129.2.82:8081
http,41.65.236.57:1981
http,67.43.227.227:28045
http,138.197.16.249:10007
http,174.6.93.179:3128
http,82.200.205.126:8081
http,82.210.56.251:80
http,47.254.16.71:5008
http,146.83.118.9:80
http,103.200.20.56:3128
http,45.90.218.215:4444
http,45.95.203.85:4444
http,124.217.246.133:9989
http,201.91.82.155:3128
http,43.245.249.22:8989
http,113.23.183.154:8989
http,103.173.138.196:8080
http,188.166.17.18:8881
http,158.69.53.98:9300
http,123.31.19.244:3128
http,139.159.157.10:3128
http,60.12.168.114:9002
http,3.127.203.145:999
http,194.67.91.153:80
http,140.238.207.22:80
http,135.125.248.252:80
http,154.16.146.41:80
http,67.43.236.20:17137
http,213.232.126.62:80
http,45.144.65.21:4444
http,20.235.47.207:3128
http,58.20.248.139:9002
http,154.16.146.47:80
http,111.59.4.88:9002
http,34.87.84.105:80
http,190.61.41.163:999
http,117.160.250.138:80
http,173.213.71.6:80
http,8.208.26.210:80
http,65.109.152.88:8888
http,45.144.65.20:4444
http,45.95.203.138:4444
http,103.105.196.116:80
http,123.205.24.244:8197
http,213.35.124.163:8085
http,172.173.132.85:80
http,93.171.220.229:8888
http,178.128.200.87:80
http,213.32.104.189:8080
http,190.94.212.125:999
http,45.95.203.176:4444
http,115.223.11.212:80
http,45.144.65.175:4444
http,103.132.52.210:3128
http,162.33.179.3:80
http,103.8.68.48:3128
http,182.106.220.252:9091
http,129.213.150.205:80
http,185.201.8.166:80
http,72.10.164.178:8611
http,65.109.203.176:80
http,130.58.218.30:80
http,36.88.111.250:8787
http,72.10.164.178:17821
http,78.28.152.113:80
http,52.172.1.186:3128
http,103.154.92.74:8080
http,3.111.188.36:80
http,217.100.239.117:8090
http,62.162.90.212:80
http,67.43.236.20:3511
http,186.215.87.194:6032
http,212.110.188.204:34411
http,51.75.206.209:80
http,45.95.203.225:4444
http,138.118.106.234:999
http,45.144.65.14:4444
http,102.130.125.86:80
http,8.222.239.209:80
http,31.49.121.0:80
http,87.98.187.132:80
http,47.74.152.29:8888
http,154.16.146.44:80
http,172.105.219.4:80
http,120.48.62.239:8080
http,185.199.53.73:80
http,106.14.255.124:80
http,13.81.217.201:80
http,101.255.118.10:3127
http,65.20.154.62:28080
http,165.16.6.153:1981
http,138.197.102.119:80
http,3.127.203.145:80
http,139.99.244.154:80
http,158.178.243.45:3128
http,89.168.42.214:80
http,88.79.243.103:3128
http,103.163.51.254:80
http,34.175.101.255:80
http,8.219.97.248:80
http,154.26.135.123:3128
http,8.208.100.155:80
http,198.49.68.80:80
http,72.10.164.178:17983
http,47.91.149.178:8443
http,103.94.52.70:3128
http,190.94.212.222:999
http,35.185.196.38:3128
http,112.30.155.83:12792
http,103.97.245.74:3128
http,154.16.146.48:80
http,5.249.160.227:80
http,23.152.40.14:3128
http,37.27.6.46:80
http,45.83.104.231:80
http,165.232.140.176:80
http,177.115.239.37:8080
http,159.65.186.46:10009
http,103.105.196.250:80
http,195.201.40.3:80
http,103.41.250.97:8080
http,45.95.203.209:4444
http,203.89.8.107:80
http,180.123.111.202:8089
http,206.189.12.206:80
http,45.95.203.100:4444
http,200.59.184.124:999
http,45.95.203.198:4444
http,45.95.203.159:4444
http,120.37.121.209:9091
http,67.43.236.20:18009
http,182.93.85.225:8080
http,157.25.92.74:3128
http,211.222.252.187:8193
http,80.240.130.161:8888
http,220.248.70.237:9002
http,103.126.28.14:2525
http,91.107.187.77:80
http,80.249.112.162:80
http,162.223.94.166:80
http,154.16.146.46:80
http,45.90.219.34:4444
http,162.223.94.164:80
http,45.95.203.129:4444
http,89.58.48.220:10004
http,103.147.73.133:8080
http,183.234.215.11:8443
http,113.208.119.142:9002
http,101.230.172.86:80
http,45.95.203.81:4444
http,135.181.154.225:80
http,103.154.113.90:8080
http,43.133.136.208:8800
http,159.65.186.46:10005
http,168.205.102.26:8080
http,38.45.247.98:999
http,222.88.167.22:9002
http,103.115.29.65:8080
http,167.172.238.6:10008
http,103.124.196.130:8080
http,103.174.102.127:80
http,216.137.184.253:80
http,154.65.39.8:80
http,186.96.101.75:999
http,188.34.179.101:80
http,67.43.228.253:9885
http,117.250.3.58:8080
http,105.19.63.217:9812
http,103.126.238.97:7777
http,107.162.143.146:80
http,148.135.39.25:3129
http,45.144.65.17:4444
http,183.215.23.242:9091
http,200.59.184.120:999
http,45.95.203.132:4444
http,45.225.207.185:999
http,45.90.218.85:4444
http,103.130.145.169:80
http,154.16.146.45:80
http,45.144.65.10:4444
http,103.85.114.240:8080
http,130.41.109.158:8080
http,209.14.119.198:999
http,95.164.116.124:80
http,161.35.70.249:3128
http,45.144.65.8:4444
http,114.231.41.24:8089
http,51.89.14.70:80
http,103.169.189.125:3125
http,122.175.19.164:80
http,61.133.66.69:9002
http,45.95.203.226:4444
http,164.132.170.100:80
http,67.43.236.20:23471
http,123.30.154.171:7777
http,200.69.67.150:999
http,58.246.58.150:9002
http,23.95.187.215:80
http,133.18.234.13:80
http,103.26.129.27:8080
http,45.95.203.165:4444
http,83.219.145.106:3128
http,181.122.114.201:80
http,103.153.154.6:80
http,103.51.206.82:8080
http,210.247.235.164:80
http,112.99.7.108:8060
http,45.144.65.30:4444
http,45.144.65.12:4444
http,222.138.76.6:9002
http,45.144.65.15:4444
http,72.10.164.178:15083
http,123.233.245.158:9443
http,38.145.211.247:8899
http,111.20.217.178:9091
http,103.105.196.102:80
http,45.191.75.171:999
http,103.115.31.39:8181
http,45.95.203.149:4444
http,137.184.100.135:80
http,101.230.172.86:9480
http,117.54.114.99:80
http,116.125.141.115:80
http,166.111.153.224:9300
http,111.225.153.12:8089
http,154.16.146.43:80
http,103.105.196.240:80
http,116.128.228.107:3128
http,35.209.198.222:80
http,202.61.204.51:80
http,223.113.80.158:9091
http,47.237.4.125:80
http,211.234.125.3:443
http,45.179.203.83:999
http,45.95.203.201:4444
http,103.86.109.38:80
http,103.178.194.190:1111
http,185.139.228.188:80
http,45.90.219.26:4444
http,119.92.236.53:8081
http,154.38.171.242:80
http,3.127.203.145:8888
http,74.48.7.43:80
http,219.129.167.82:2222
http,3.127.203.145:8080
http,67.43.227.227:5537
http,203.19.38.114:1080
http,178.128.113.118:23128
http,45.225.207.186:999
http,223.215.176.88:8089
http,117.160.250.134:80
http,117.160.250.138:8899
http,218.202.193.12:3129
http,185.217.136.67:1337
http,45.90.219.39:4444
http,41.74.91.244:80
http,38.9.141.27:80
http,67.43.236.20:3685
http,217.112.80.252:80
http,113.125.82.11:3128
http,83.97.79.72:3128
http,45.95.203.114:4444
http,82.64.77.30:80
http,121.236.239.178:8089
http,72.10.160.174:17343
http,218.255.187.60:80
http,122.155.165.191:3128
http,47.243.92.199:3128
http,173.213.71.7:80
http,188.215.245.235:80
http,2.47.51.25:8080
http,195.114.209.50:80
http,124.158.182.34:7654
http,45.178.133.77:999
http,36.91.68.147:8080
http,103.177.9.104:8080
http,134.35.190.101:8080
http,45.178.133.78:999
http,20.170.92.197:443
http,67.43.228.253:9363
http,34.75.4.114:80
http,45.140.188.113:80
http,45.65.137.218:999
http,103.168.169.245:8080
http,185.244.210.185:80
http,142.44.210.174:80
http,182.16.187.212:8080
http,103.172.42.111:8080
http,103.168.38.246:80
http,91.80.133.7:80
http,183.88.241.167:8080
http,176.236.141.30:10001
http,68.183.48.146:10000
http,154.118.228.212:80
http,181.129.196.26:999
http,67.43.236.20:19103
http,124.167.20.48:7777
http,210.212.39.138:8080
http,185.110.189.166:80
http,89.116.191.51:80
http,46.17.104.163:4444
http,45.95.203.150:4444
http,189.3.69.230:8080
http,93.177.67.178:80
http,217.160.99.39:80
http,38.156.235.36:999
http,103.175.236.222:8080
http,116.203.239.33:80
http,185.82.99.197:9092
http,120.28.220.100:8082
http,109.164.38.201:2306
http,121.227.178.101:8089
http,183.88.231.188:34599
http,45.95.203.137:4444
http,113.161.131.43:80
http,103.105.196.185:80
http,45.95.203.232:4444
http,88.198.161.3:80
http,46.232.248.164:80
http,103.42.120.43:8080
http,139.99.148.90:3128
http,128.199.170.182:31280
http,200.59.10.49:999
http,115.147.20.176:8082
http,46.17.104.192:4444
http,103.137.45.74:21758
http,103.211.51.168:80
http,45.90.218.210:4444
http,103.6.223.2:3128
http,61.186.243.6:9002
http,196.250.239.229:8787
http,185.212.60.62:80
http,122.187.14.227:3128
http,103.141.51.210:1111
http,91.228.186.61:80
http,8.209.255.13:3128
http,47.114.101.57:8888
http,85.26.218.76:3128
http,94.131.14.66:3128
http,190.53.46.11:38525
http,112.51.96.118:9091
http,45.95.203.167:4444
http,65.21.159.49:80
http,45.71.185.245:999
http,103.115.31.181:8090
http,38.145.211.246:8899
http,107.148.201.157:80
http,72.10.160.170:12651
http,201.174.38.160:999
http,45.95.203.213:4444
http,5.253.18.188:80
http,209.126.6.159:80
http,103.83.232.122:80
http,116.63.129.202:6000
http,188.27.233.141:8080
http,103.80.224.2:83
http,190.61.46.228:999
http,113.160.154.23:8080
http,103.159.47.34:83
http,47.242.47.64:8888
http,102.68.128.218:8080
http,103.76.201.110:8080
http,45.95.203.115:4444
http,77.68.77.181:80
http,72.10.160.90:1985
http,47.88.3.19:8080
http,103.49.202.252:80
http,103.139.25.121:8080
http,117.72.39.51:3128
http,45.114.145.71:32650
http,103.133.223.226:8080
http,159.65.176.77:10010
http,147.12.46.62:3128
http,5.135.188.62:9999
http,202.154.18.133:8080
http,5.161.103.113:80
http,50.62.183.223:80
http,72.10.164.178:3097
http,170.239.205.10:8080
http,190.144.80.122:8080
http,103.105.196.98:80
http,181.28.111.161:8080
http,20.235.159.154:80
http,103.247.44.42:80
http,45.95.203.92:4444
http,91.107.142.189:80
http,154.16.146.42:80
http,45.133.107.246:81
http,103.169.254.185:2068
http,103.105.196.165:80
http,193.105.123.194:8123
http,103.36.10.85:3125
http,103.112.244.254:5656
http,103.167.171.43:8080
http,114.106.171.175:8089
http,181.78.17.141:999
http,168.227.11.135:9999
http,45.188.164.48:999
http,114.106.136.203:8089
http,191.101.80.162:80
http,200.94.102.10:999
http,212.107.12.77:80
http,67.43.227.228:16839
http,43.255.113.232:85
http,114.232.110.86:8089
http,117.70.48.97:8089
http,103.105.196.73:80
http,103.105.196.75:80
http,117.69.232.12:8089
http,114.231.45.33:8089
http,103.47.175.161:83
http,43.255.113.232:84
http,103.16.118.165:8080
http,114.231.46.213:8089
http,117.69.232.225:8089
http,114.231.42.211:8089
http,36.6.144.188:8089
http,36.6.145.179:8089
http,114.232.110.77:8089
http,36.6.144.150:8089
http,114.231.8.52:8089
http,183.164.243.191:8089
http,43.255.113.232:8085
http,36.6.145.88:8089
http,103.171.240.138:8181
http,114.231.8.13:8089
http,186.10.242.118:80
http,114.232.109.243:8089
http,114.232.109.131:8089
http,188.125.169.8:8080
http,114.231.82.176:8089
http,45.189.118.232:999
http,183.164.242.236:8089
http,197.98.201.97:80
http,117.69.232.57:8089
http,197.98.201.97:10642
http,165.225.120.222:10568
http,178.18.241.49:80
http,117.54.114.103:80
http,154.73.29.33:8080
http,102.68.128.210:8080
http,114.232.109.162:8089
http,103.250.70.214:8080
http,43.255.113.232:83
http,197.98.201.97:21002
http,197.98.201.97:10663
http,197.98.201.97:10382
http,197.98.201.97:10517
http,114.231.8.99:8089
http,45.4.201.94:8080
http,103.191.58.60:8080
http,114.232.110.209:8089
http,178.115.230.243:8080
http,102.68.128.212:8080
http,43.255.113.232:80
http,114.232.109.215:8089
http,165.16.60.235:8080
http,192.151.255.26:41698
http,190.95.209.180:999
http,177.93.37.36:999
http,103.28.112.126:8080
http,192.151.255.22:41698
http,202.154.19.218:8081
http,117.54.114.101:80
http,117.54.114.35:80
http,117.54.114.100:80
http,38.54.71.67:80
http,117.54.114.98:80
http,188.136.162.3:7060
http,
https,192.162.232.15:1080
https,45.81.232.17:14669
https,182.61.38.114:82
https,203.19.38.114:1080
https,95.111.227.164:35683
https,72.37.216.68:4145
https,199.102.104.70:4145
https,117.160.250.138:80
https,192.111.137.35:4145
https,46.17.104.192:4444
https,93.177.67.178:80
https,72.195.34.58:4145
https,45.95.203.115:4444
https,203.96.177.211:62692
https,3.127.203.145:8888
https,184.170.249.65:4145
https,58.246.58.150:9002
https,72.167.221.157:17646
https,117.74.65.207:1604
https,203.190.44.200:1111
https,178.79.165.164:23122
https,164.70.88.64:8080
https,154.236.189.5:1981
https,89.168.42.214:80
https,104.248.151.220:52106
https,117.74.65.207:82
https,103.127.220.106:8181
https,37.120.192.154:8080
https,47.245.109.134:80
https,45.89.65.217:4444
https,80.240.130.161:8888
https,74.119.147.209:4145
https,72.195.101.99:4145
https,47.91.65.23:3128
https,45.138.87.238:1080
https,94.23.220.136:34709
https,120.37.121.209:9091
https,162.210.197.91:16504
https,103.86.109.38:80
https,104.238.98.87:45803
https,142.54.231.38:4145
https,51.75.206.209:80
https,117.74.65.207:5986
https,117.74.65.207:8085
https,72.210.221.197:4145
https,45.95.203.129:4444
https,39.129.25.66:8060
https,112.5.33.179:999
https,206.220.175.2:4145
https,199.102.105.242:4145
https,72.195.34.60:27391
https,72.10.160.90:18939
https,144.91.68.111:34685
https,135.148.10.161:9890
https,201.71.3.42:999
https,135.148.10.161:26328
https,38.54.116.9:9999
https,199.116.114.11:4145
https,184.178.172.26:4145
https,111.20.217.178:9091
https,117.74.65.207:6666
https,135.148.10.161:59215
https,162.253.68.97:4145
https,103.147.246.185:3127
https,98.162.25.4:31654
https,124.167.20.48:7777
https,185.103.102.128:80
https,184.178.172.13:15311
https,91.134.140.160:12820
https,185.18.198.163:36508
https,45.95.203.85:4444
https,117.74.65.207:87
https,117.74.65.207:2087
https,72.195.34.42:4145
https,45.81.232.17:30717
https,68.71.247.130:4145
https,58.234.116.197:8193
https,65.109.152.88:8888
https,192.111.130.5:17002
https,142.54.231.38:4145
https,43.129.195.235:8080
https,107.181.161.81:4145
https,38.156.235.35:999
https,103.111.118.75:1080
https,173.213.71.6:80
https,117.74.65.207:83
https,172.104.154.229:47862
https,188.166.56.246:80
https,59.36.24.138:1080
https,117.74.65.207:50
https,51.254.78.223:80
https,117.74.65.207:8084
https,45.81.232.17:31421
https,133.18.234.13:80
https,50.63.13.3:49042
https,195.9.146.246:3629
https,167.172.238.6:10000
https,138.91.159.185:80
https,45.81.232.17:25306
https,38.242.216.114:8685
https,95.111.227.164:53625
https,67.201.59.70:4145
https,91.80.133.7:80
https,192.53.126.207:10434
https,74.119.147.209:4145
https,68.1.210.163:4145
https,174.77.111.196:4145
https,135.148.10.161:56151
https,47.56.110.204:8989
https,207.55.240.19:54665
https,51.75.126.150:64815
https,72.195.114.184:4145
https,103.10.99.110:5678
https,184.181.217.220:4145
https,45.81.232.17:11697
https,72.195.34.59:4145
https,51.68.230.210:5978
https,171.244.10.204:46515
https,199.204.248.169:62794
https,185.73.203.176:443
https,200.41.182.243:4145
https,41.174.152.226:5678
https,51.89.173.40:55198
https,203.153.125.13:65424
https,154.16.146.42:80
https,45.95.203.114:4444
https,139.159.157.10:3128
https,47.242.47.64:8888
https,72.37.217.3:4145
https,51.15.212.207:16379
https,154.16.146.46:80
https,72.206.181.105:64935
https,192.111.135.18:18301
https,41.231.37.76:3128
https,186.148.182.55:999
https,178.128.113.118:23128
https,117.74.65.207:9030
https,181.28.111.161:8080
https,117.74.65.207:10002
https,45.90.219.39:4444
https,132.148.129.254:61590
https,128.199.170.182:31280
https,45.81.232.17:2167
https,184.178.172.17:4145
https,80.13.43.193:80
https,50.207.130.198:54321
https,117.74.65.207:4118
https,207.180.204.122:35655
https,162.240.75.37:80
https,198.12.253.1:1725
https,182.53.216.4:4153
https,47.243.92.199:3128
https,213.217.30.69:3128
https,135.148.10.161:35411
https,117.74.65.207:10021
https,45.81.232.17:48085
https,203.79.29.198:1111
https,38.54.6.39:9080
https,117.74.65.207:8103
https,64.202.185.19:58698
https,199.102.106.94:4145
https,144.91.66.30:62400
https,154.38.171.242:80
https,211.222.252.187:8197
https,198.8.94.170:4145
https,45.144.65.12:4444
https,60.12.168.114:9002
https,114.129.2.82:8081
https,184.178.172.3:4145
https,104.248.158.78:52130
https,45.191.46.210:999
https,154.16.146.41:80
https,67.43.227.228:20209
https,138.197.16.249:10006
https,117.74.65.207:8018
https,117.74.65.207:9992
https,45.81.232.17:27855
https,135.148.10.161:5607
https,45.81.232.17:27855
https,117.74.65.207:8047
https,192.169.226.96:43328
https,117.74.65.207:7548
https,51.15.252.246:16379
https,125.26.230.139:8080
https,192.111.129.145:16894
https,82.194.45.218:8090
https,198.44.255.5:80
https,198.8.94.170:4145
https,66.223.176.201:8080
https,200.110.171.197:999
https,198.12.253.1:43113
https,192.252.209.155:14455
https,179.1.192.27:999
https,24.249.199.4:4145
https,103.105.196.128:80
https,91.202.72.105:8080
https,200.59.184.120:999
https,45.95.203.100:4444
https,45.65.65.18:4145
https,217.160.99.39:80
https,34.87.84.105:80
https,34.117.205.16:80
https,45.81.232.17:48224
https,51.75.126.150:32847
https,197.251.236.227:5678
https,1.15.62.12:5678
https,74.48.78.52:80
https,190.61.80.98:999
https,72.217.158.202:4145
https,187.58.135.42:5678
https,20.37.207.8:8080
https,103.80.230.21:8080
https,207.180.204.122:54315
https,117.74.65.207:60489
https,184.178.172.28:15294
https,47.254.16.71:5008
https,62.162.90.212:80
https,184.170.248.5:4145
https,184.181.217.206:4145
https,114.108.177.104:60984
https,45.144.65.15:4444
https,119.28.60.64:8090
https,190.92.159.203:31669
https,50.63.12.101:28804
https,213.136.78.200:17638
https,66.42.224.229:41679
https,154.16.146.44:80
https,45.81.232.17:31421
https,72.10.164.178:3533
https,182.93.80.3:8291
https,199.102.107.145:4145
https,103.148.45.167:4145
https,5.39.69.35:44775
https,103.78.25.99:5678
https,115.223.11.212:80
https,181.46.243.155:3128
https,178.79.165.164:23122
https,109.94.182.9:4145
https,139.198.120.15:29527
https,183.234.215.11:8443
https,104.37.175.206:49322
https,171.244.140.160:13310
https,114.255.132.60:3128
https,78.28.152.111:80
https,161.49.176.173:1338
https,178.254.42.248:80
https,45.81.232.17:9165
https,51.89.14.70:80
https,45.225.207.185:999
https,139.162.238.184:30730
https,45.81.232.17:54248
https,36.93.82.10:8080
https,176.10.111.23:80
https,117.74.65.207:4002
https,123.31.19.244:3128
https,175.139.233.76:80
https,45.90.218.210:4444
https,69.61.200.104:36181
https,172.104.143.136:80
https,139.162.238.184:30786
https,135.148.10.161:51589
https,45.81.232.17:37750
https,45.81.232.17:63186
https,12.186.205.120:80
https,8.219.97.248:80
https,176.65.240.15:80
https,49.249.155.3:80
https,148.72.212.198:28443
https,67.43.227.227:9863
https,222.174.178.122:4999
https,192.111.134.10:4145
https,111.206.0.99:8181
https,161.10.245.210:999
https,67.213.212.38:50232
https,163.172.129.251:16379
https,199.58.185.9:4145
https,45.81.232.17:25306
https,139.255.193.243:7623
https,45.81.232.17:48085
https,180.123.111.202:8089
https,190.103.177.131:80
https,199.116.114.11:4145
https,117.74.65.207:5002
https,117.74.65.207:33427
https,180.191.59.88:8082
https,114.231.8.152:8089
https,162.241.46.6:31568
https,117.74.65.207:59394
https,188.164.193.178:3817
https,117.74.65.207:4006
https,89.135.59.65:8090
https,185.110.189.166:80
https,174.77.111.197:4145
https,188.164.193.178:3817
https,45.81.232.17:29792
https,51.158.76.35:16379
https,104.200.135.46:4145
https,190.94.212.244:999
https,92.204.134.38:6648
https,117.74.65.207:443
https,218.3.253.238:10800
https,45.81.232.17:2167
https,135.148.10.161:52506
https,117.74.65.207:10002
https,192.252.209.155:14455
https,45.81.232.17:54248
https,119.92.236.53:8081
https,45.81.232.17:12873
https,117.74.65.207:8888
https,190.14.225.15:8080
https,195.177.217.131:42341
https,162.214.121.11:9831
https,135.148.10.161:64870
https,45.81.232.17:5932
https,1.15.62.12:5678
https,117.74.65.207:7004
https,103.105.196.212:80
https,45.144.65.45:4444
https,45.81.232.17:53288
https,122.53.82.126:4145
https,117.74.65.207:35904
https,117.74.65.207:5801
https,166.111.153.224:9300
https,39.165.0.137:9002
https,200.108.190.38:999
https,23.105.170.33:22361
https,192.111.139.165:4145
https,36.92.193.189:80
https,72.195.114.169:4145
https,161.97.147.193:10766
https,183.88.241.167:8080
https,218.64.255.198:7302
https,117.74.65.207:4118
https,152.170.68.57:33333
https,129.213.150.205:80
https,72.206.181.105:64935
https,5.75.200.38:80
https,45.95.203.213:4444
https,117.74.65.207:55443
https,192.252.216.81:4145
https,46.17.104.163:4444
https,117.74.65.207:9091
https,174.6.93.179:3128
https,95.164.89.123:8888
https,45.81.232.17:21481
https,68.71.249.153:48606
https,122.2.79.174:8082
https,162.19.7.56:57321
https,111.90.169.178:5678
https,200.59.184.121:999
https,117.74.65.207:6969
https,45.81.232.17:17639
https,45.81.232.17:59421
https,117.74.65.207:6789
https,24.249.199.4:4145
https,45.95.203.109:4444
https,117.74.65.207:8003
https,177.85.157.25:4153
https,65.109.199.184:80
https,174.77.111.197:4145
https,103.111.160.41:5678
https,103.74.109.113:5678
https,67.43.236.20:20885
https,177.136.124.36:3629
https,192.111.137.37:18762
https,116.235.137.76:4145
https,70.166.167.38:57728
https,188.166.222.236:3128
https,206.220.175.2:4145
https,117.74.65.207:70
https,117.74.65.207:4006
https,98.188.47.150:4145
https,192.111.135.18:18301
https,117.74.65.207:9002
https,162.241.46.6:38583
https,94.40.127.166:4145
https,117.74.65.207:58208
https,192.111.130.5:17002
https,41.89.16.6:80
https,178.48.68.61:18080
https,114.231.82.116:8089
https,166.0.235.250:31017
https,72.195.101.99:4145
https,69.61.200.104:36181
https,45.81.232.17:21189
https,45.95.203.200:4444
https,68.183.143.134:80
https,198.8.84.3:4145
https,175.100.47.191:5678
https,192.111.135.17:18302
https,117.74.65.207:5446
https,176.126.85.247:16379
https,38.54.95.19:8080
https,45.144.65.29:4444
https,116.254.100.165:50536
https,210.212.39.130:8080
https,5.39.69.35:53412
https,218.6.120.111:7777
https,192.252.220.89:4145
https,45.81.232.17:61553
https,221.6.139.190:9002
https,135.148.10.161:26532
https,159.223.71.71:57206
https,93.123.22.151:80
https,199.187.210.54:4145
https,202.86.138.18:8080
https,72.217.216.239:4145
https,149.129.51.152:443
https,80.78.65.230:8080
https,117.74.65.207:10021
https,168.138.66.48:8443
https,45.95.203.139:4444
https,174.64.199.79:4145
https,135.148.10.161:15626
https,36.37.189.64:5678
https,202.180.16.1:8080
https,31.146.5.178:8080
https,45.95.232.128:3128
https,182.16.175.161:5678
https,135.148.10.161:19212
https,162.253.68.97:4145
https,185.191.236.162:3128
https,185.18.198.163:36508
https,5.178.204.235:2082
https,117.74.65.207:8083
https,72.10.160.90:23627
https,103.73.66.36:8085
https,117.74.65.207:8085
https,45.90.216.44:4444
https,45.90.219.12:4444
https,117.74.65.207:2000
https,45.81.232.17:27308
https,181.209.82.154:23500
https,192.111.130.2:4145
https,165.22.36.164:10006
https,72.206.181.97:64943
https,8.213.129.20:9000
https,135.148.10.161:14130
https,176.112.96.2:3629
https,192.252.208.70:14282
https,185.130.219.10:4153
https,103.105.196.214:80
https,103.153.63.211:8085
https,138.201.182.222:80
https,5.1.104.67:33041
https,192.252.208.70:14282
https,117.74.65.207:118
https,117.74.65.207:8060
https,192.111.139.163:19404
https,136.243.89.93:8888
https,24.249.199.12:4145
https,98.162.25.29:31679
https,200.29.109.112:14888
https,45.144.65.13:4444
https,72.217.158.202:4145
https,138.197.16.249:10005
https,180.130.190.32:3000
https,103.105.196.112:80
https,192.111.134.10:4145
https,117.54.114.32:80
https,117.74.65.207:12345
https,54.36.108.149:50275
https,117.74.65.207:2332
https,67.61.140.122:8080
https,89.218.5.106:50733
https,70.166.167.55:57745
https,188.132.146.75:8080
https,12.163.95.161:8080
https,95.111.227.164:45028
https,117.160.250.134:8899
https,103.49.28.23:12113
https,45.81.232.17:14669
https,114.245.111.48:34811
https,117.74.65.207:9091
https,45.81.232.17:41792
https,117.74.65.207:3000
https,45.81.232.17:37750
https,37.26.223.96:9080
https,157.245.14.43:8888
https,45.61.188.134:44499
https,192.111.137.34:18765
https,51.75.126.150:64815
https,202.131.65.110:80
https,142.54.228.193:4145
https,162.241.50.179:61318
https,36.67.8.169:8080
https,103.88.126.170:5678
https,72.10.160.90:5277
https,208.102.51.6:58208
https,162.241.182.171:39161
https,162.55.87.48:5566
https,188.164.197.178:45205
https,197.255.126.69:80
https,103.40.11.141:3128
https,45.90.218.209:4444
https,103.234.24.105:8880
https,82.204.150.190:3129
https,45.81.232.17:61553
https,192.252.216.81:4145
https,159.65.245.255:80
https,174.75.211.222:4145
https,172.104.154.229:47862
https,41.65.236.57:1981
https,67.43.227.227:28045
https,199.85.209.166:48428
https,117.74.65.207:9001
https,117.74.65.207:8000
https,117.74.65.207:646
https,98.162.25.16:4145
https,192.111.138.29:4145
https,14.185.53.138:1080
https,135.148.10.161:15213
https,202.149.67.18:7999
https,23.19.244.109:1080
https,176.192.65.34:5020
https,8.130.36.245:2019
https,152.228.134.212:21658
https,146.83.118.9:80
https,117.74.65.207:8000
https,103.200.20.56:3128
https,135.148.10.161:46472
https,45.90.218.215:4444
https,38.103.213.226:1080
https,124.217.246.133:9989
https,192.111.137.35:4145
https,201.91.82.155:3128
https,87.106.254.50:48175
https,43.245.249.22:8989
https,110.78.148.227:4145
https,113.23.183.154:8989
https,103.173.138.196:8080
https,184.181.217.213:4145
https,117.74.65.207:31653
https,174.75.211.222:4145
https,223.112.53.2:1025
https,188.166.17.18:8881
https,184.178.172.23:4145
https,135.148.10.161:35903
https,51.15.211.81:16379
https,45.81.232.17:23363
https,61.178.94.23:7302
https,158.69.53.98:9300
https,117.74.65.207:2332
https,74.119.144.60:4145
https,3.127.203.145:999
https,194.67.91.153:80
https,192.111.135.17:18302
https,192.111.139.165:4145
https,194.4.50.91:12334
https,162.214.75.237:30687
https,184.178.172.18:15280
https,117.74.65.207:8019
https,117.74.65.207:5801
https,203.153.125.14:65424
https,67.43.236.20:17137
https,45.81.232.17:33549
https,135.148.10.161:56151
https,117.74.65.207:5004
https,117.74.65.207:8084
https,117.74.65.207:4063
https,68.1.210.189:4145
https,37.18.73.60:5566
https,128.199.221.91:21605
https,213.232.126.62:80
https,45.144.65.21:4444
https,20.235.47.207:3128
https,58.20.248.139:9002
https,184.178.172.18:15280
https,91.211.177.33:3629
https,154.16.146.47:80
https,117.74.65.207:10250
https,185.46.170.253:4145
https,103.149.105.253:4153
https,111.59.4.88:9002
https,45.81.232.17:38968
https,139.162.238.184:17352
https,132.148.155.180:31878
https,103.130.218.135:11923
https,107.181.168.145:4145
https,8.208.26.210:80
https,45.144.65.20:4444
https,68.1.210.163:4145
https,23.105.170.34:10224
https,45.95.203.138:4444
https,182.16.175.164:5678
https,38.54.6.39:4000
https,103.105.196.116:80
https,123.205.24.244:8197
https,192.252.215.5:16137
https,103.152.232.53:8199
https,213.35.124.163:8085
https,163.172.165.36:16379
https,117.74.65.207:6789
https,172.173.132.85:80
https,93.171.220.229:8888
https,178.128.200.87:80
https,194.26.229.46:20001
https,72.210.252.137:4145
https,178.79.165.164:50468
https,95.111.227.164:51610
https,213.32.104.189:8080
https,117.74.65.207:8291
https,184.181.217.201:4145
https,117.74.65.207:8989
https,190.94.212.125:999
https,199.85.209.142:3649
https,45.81.232.17:29792
https,45.95.203.176:4444
https,139.255.132.68:1080
https,45.144.65.175:4444
https,8.130.34.237:8118
https,166.0.235.136:58980
https,162.33.179.3:80
https,103.8.68.48:3128
https,182.106.220.252:9091
https,54.36.108.149:9625
https,185.201.8.166:80
https,66.29.129.52:54109
https,23.95.187.215:80
https,72.10.164.178:8611
https,65.109.203.176:80
https,130.58.218.30:80
https,117.74.65.207:8083
https,103.174.178.137:2016
https,184.178.172.23:4145
https,109.224.12.170:52015
https,72.10.164.178:17821
https,117.74.65.207:2000
https,72.195.34.59:4145
https,45.81.232.17:27308
https,171.244.140.160:51042
https,185.109.184.150:52089
https,78.28.152.113:80
https,117.74.65.207:8001
https,98.170.57.249:4145
https,117.74.65.207:11002
https,50.62.58.158:52938
https,199.85.209.142:42479
https,52.172.1.186:3128
https,103.154.92.74:8080
https,5.161.74.107:9055
https,3.111.188.36:80
https,217.100.239.117:8090
https,159.223.71.71:54370
https,67.43.236.20:3511
https,117.74.65.207:999
https,186.215.87.194:6032
https,212.110.188.204:34411
https,184.181.217.201:4145
https,45.81.232.17:12873
https,45.95.203.225:4444
https,45.81.232.17:41792
https,177.93.77.10:4153
https,192.252.220.92:17328
https,138.118.106.234:999
https,45.81.232.17:24079
https,62.171.131.101:29497
https,91.205.131.110:53339
https,45.144.65.14:4444
https,72.49.49.11:31034
https,207.180.204.122:32444
https,197.232.47.102:52567
https,117.74.65.207:7777
https,102.130.125.86:80
https,8.222.239.209:80
https,161.97.147.193:15371
https,184.178.172.11:4145
https,117.74.65.207:83
https,117.70.48.97:8089
https,117.74.65.207:993
https,45.81.232.17:23711
https,67.213.210.118:24966
https,72.206.181.103:4145
https,31.49.121.0:80
https,135.148.10.161:64870
https,117.74.65.207:646
https,117.74.65.207:33427
https,135.148.10.161:3202
https,87.98.187.132:80
https,47.74.152.29:8888
https,135.148.10.161:41456
https,181.129.74.58:30431
https,121.128.0.153:3128
https,135.148.10.161:50205
https,172.105.219.4:80
https,120.48.62.239:8080
https,184.181.217.194:4145
https,117.74.65.207:12000
https,117.74.65.207:443
https,117.74.65.207:9991
https,135.148.10.161:28284
https,38.54.6.39:3128
https,104.200.152.30:4145
https,106.14.255.124:80
https,95.111.227.164:62653
https,117.74.65.207:9030
https,13.81.217.201:80
https,117.74.65.207:7777
https,65.20.154.62:28080
https,183.6.57.161:5678
https,135.148.10.161:15078
https,200.81.127.113:4153
https,184.178.172.25:15291
https,45.81.232.17:5709
https,200.115.157.211:4145
https,38.242.216.114:47211
https,184.178.172.26:4145
https,165.16.6.153:1981
https,45.81.232.17:50946
https,68.71.254.6:4145
https,138.197.102.119:80
https,184.185.2.12:4145
https,3.127.203.145:80
https,139.99.244.154:80
https,45.81.232.17:47056
https,142.54.237.34:4145
https,45.81.232.17:33549
https,117.74.65.207:6666
https,213.145.137.102:37447
https,178.128.82.105:33702
https,162.240.72.139:61185
https,162.144.36.208:27531
https,141.11.1.240:1080
https,77.90.13.41:7579
https,103.163.51.254:80
https,34.175.101.255:80
https,45.81.232.17:34447
https,159.223.71.71:60377
https,184.181.217.220:4145
https,45.81.232.17:11697
https,117.74.65.207:8291
https,184.178.172.3:4145
https,98.175.31.195:4145
https,45.81.232.17:4715
https,188.164.193.178:2592
https,51.89.173.40:51612
https,179.108.158.204:4145
https,72.206.181.103:4145
https,45.81.232.17:38968
https,154.26.135.123:3128
https,72.195.34.41:4145
https,8.208.100.155:80
https,103.156.249.20:1080
https,198.49.68.80:80
https,135.148.10.161:59215
https,1.20.95.95:5678
https,62.171.131.101:35006
https,194.233.91.18:18194
https,178.79.165.164:10989
https,8.213.129.20:3132
https,45.81.232.17:5932
https,198.8.84.3:4145
https,72.10.164.178:17983
https,8.130.34.237:8090
https,47.91.149.178:8443
https,38.54.95.19:3128
https,88.87.72.134:4145
https,192.252.214.20:15864
https,45.81.232.17:21189
https,152.228.134.212:35405
https,103.94.52.70:3128
https,190.94.212.222:999
https,72.214.108.67:4145
https,116.99.238.197:54554
https,35.185.196.38:3128
https,112.30.155.83:12792
https,117.74.65.207:59394
https,142.54.232.6:4145
https,45.81.232.17:21481
https,45.81.232.17:30696
https,72.195.34.58:4145
https,103.97.245.74:3128
https,45.81.232.17:23711
https,31.200.242.201:12196
https,154.16.146.48:80
https,117.74.65.207:50001
https,117.74.65.207:7890
https,23.152.40.14:3128
https,104.200.135.46:4145
https,98.162.25.23:4145
https,45.81.232.17:2244
https,43.129.195.235:80
https,139.162.238.184:32964
https,117.74.65.207:7004
https,117.74.65.207:2087
https,45.83.104.231:80
https,45.81.232.17:24803
https,165.232.140.176:80
https,117.74.65.207:7890
https,142.54.226.214:4145
https,117.74.65.207:9050
https,103.105.196.250:80
https,195.201.40.3:80
https,50.192.49.195:32100
https,103.41.250.97:8080
https,195.177.217.131:12885
https,45.95.203.209:4444
https,72.210.208.101:4145
https,107.180.101.226:5023
https,174.77.111.198:49547
https,203.89.8.107:80
https,174.77.111.196:4145
https,72.167.222.113:4125
https,89.208.30.16:7894
https,184.178.172.28:15294
https,117.74.65.207:85
https,171.252.131.55:25088
https,92.205.105.134:24882
https,68.1.210.189:4145
https,72.195.114.184:4145
https,117.74.65.207:2375
https,117.74.65.207:10006
https,117.74.65.207:9002
https,45.81.232.17:34447
https,142.54.229.249:4145
https,139.198.29.235:3128
https,185.109.184.150:56067
https,117.74.65.207:8047
https,117.74.65.207:35904
https,200.59.184.124:999
https,45.95.203.198:4444
https,45.95.203.159:4444
https,98.178.72.21:10919
https,192.111.139.162:4145
https,117.74.65.207:58208
https,67.43.236.20:18009
https,8.130.34.237:5678
https,117.74.65.207:5446
https,117.74.65.207:1604
https,207.55.240.100:60908
https,184.181.217.210:4145
https,182.93.85.225:8080
https,152.228.134.212:62022
https,117.74.65.207:102
https,157.25.92.74:3128
https,65.169.38.73:26592
https,45.61.188.134:44499
https,38.242.240.167:56545
https,211.222.252.187:8193
https,43.229.85.48:49665
https,67.201.33.10:25283
https,220.248.70.237:9002
https,192.111.139.162:4145
https,39.101.65.228:9090
https,132.148.128.88:56355
https,72.210.208.101:4145
https,117.74.65.207:9992
https,184.178.172.13:15311
https,192.252.211.197:14921
https,103.126.28.14:2525
https,91.107.187.77:80
https,150.109.243.206:15673
https,80.249.112.162:80
https,162.223.94.166:80
https,117.74.65.207:8282
https,117.74.65.207:84
https,103.107.68.5:5430
https,45.81.232.17:54393
https,45.138.87.238:1080
https,50.63.13.3:37673
https,135.181.30.244:27487
https,142.48.178.235:8081
https,72.214.108.67:4145
https,45.12.31.197:80
https,98.181.137.83:4145
https,45.90.219.34:4444
https,54.38.179.162:5892
https,201.166.231.54:1192
https,162.223.94.164:80
https,95.111.227.164:36593
https,104.200.152.30:4145
https,45.81.232.17:24803
https,117.74.65.207:6969
https,171.244.140.160:9821
https,103.147.73.133:8080
https,174.77.111.198:49547
https,39.101.65.228:50
https,161.97.173.42:30409
https,113.208.119.142:9002
https,101.230.172.86:80
https,117.74.65.207:9443
https,45.95.203.81:4444
https,135.181.154.225:80
https,117.74.65.207:8888
https,128.199.109.115:14505
https,117.74.65.207:50
https,103.154.113.90:8080
https,8.130.36.245:8899
https,117.74.65.207:87
https,125.227.225.157:3389
https,117.74.65.207:9050
https,192.99.37.195:16166
https,43.133.136.208:8800
https,117.74.65.207:8020
https,104.37.135.145:4145
https,117.74.65.207:5986
https,72.195.34.35:27360
https,72.195.114.169:4145
https,159.65.186.46:10005
https,120.29.153.250:5678
https,168.205.102.26:8080
https,45.81.232.17:24079
https,37.18.73.60:5566
https,72.49.49.11:31034
https,5.202.149.40:8080
https,38.45.247.98:999
https,107.181.161.81:4145
https,104.248.151.220:53177
https,168.138.192.192:3128
https,184.178.172.11:4145
https,46.36.65.117:1080
https,222.88.167.22:9002
https,103.115.29.65:8080
https,167.172.238.6:10008
https,103.124.196.130:8080
https,103.174.102.127:80
https,192.111.130.2:4145
https,208.102.51.6:58208
https,162.241.182.171:39161
https,185.139.56.133:4145
https,95.111.227.164:17351
https,212.231.230.141:18500
https,216.137.184.253:80
https,154.65.39.8:80
https,72.217.216.239:4145
https,186.96.101.75:999
https,117.74.65.207:7302
https,117.74.65.207:9001
https,184.181.217.206:4145
https,188.34.179.101:80
https,192.111.129.145:16894
https,67.43.228.253:9885
https,117.250.3.58:8080
https,154.205.152.96:139
https,105.19.63.217:9812
https,8.130.36.245:9000
https,117.74.65.207:4002
https,149.62.193.91:4153
https,107.162.143.146:80
https,117.74.65.207:88
https,45.144.65.17:4444
https,8.213.128.6:8019
https,183.215.23.242:9091
https,192.169.205.131:61590
https,117.74.65.207:8018
https,8.130.36.245:3080
https,192.111.137.37:18762
https,192.252.220.89:4145
https,51.89.173.40:26545
https,80.241.44.34:5678
https,8.213.128.6:1000
https,162.0.220.161:44174
https,142.54.232.6:4145
https,184.181.217.194:4145
https,142.54.229.249:4145
https,45.95.203.132:4444
https,192.252.214.20:15864
https,98.188.47.132:4145
https,43.129.195.235:8081
https,165.140.185.217:39593
https,199.58.184.97:4145
https,45.90.218.85:4444
https,103.130.145.169:80
https,152.228.134.212:17081
https,154.16.146.45:80
https,45.144.65.10:4444
https,45.81.232.17:63186
https,72.167.220.46:45783
https,130.41.109.158:8080
https,92.204.134.38:25675
https,209.14.119.198:999
https,181.13.217.208:4153
https,107.181.168.145:4145
https,8.213.129.15:3128
https,161.35.70.249:3128
https,72.195.34.35:27360
https,117.74.65.207:31653
https,65.169.38.73:26592
https,45.144.65.8:4444
https,174.64.199.82:4145
https,45.81.232.17:17639
https,171.244.140.160:36007
https,103.169.189.125:3125
https,122.175.19.164:80
https,61.133.66.69:9002
https,45.95.203.226:4444
https,164.132.170.100:80
https,163.172.166.35:16379
https,67.43.236.20:23471
https,123.30.154.171:7777
https,31.170.22.127:1080
https,200.69.67.150:999
https,184.170.248.5:4145
https,70.166.167.55:57745
https,23.95.187.215:80
https,103.26.129.27:8080
https,82.165.198.169:42632
https,8.213.129.20:8123
https,45.95.203.165:4444
https,83.219.145.106:3128
https,199.58.184.97:4145
https,198.8.94.174:39078
https,181.122.114.201:80
https,103.153.154.6:80
https,103.51.206.82:8080
https,72.210.252.134:46164
https,45.144.65.30:4444
https,142.54.236.97:4145
https,45.81.232.17:53288
https,222.138.76.6:9002
https,135.148.10.161:15522
https,45.81.232.17:4715
https,123.233.245.158:9443
https,38.145.211.247:8899
https,184.170.245.148:4145
https,98.162.25.16:4145
https,103.105.196.102:80
https,212.33.193.151:80
https,45.191.75.171:999
https,103.115.31.39:8181
https,45.95.203.149:4444
https,67.213.210.167:15818
https,117.54.114.99:80
https,116.125.141.115:80
https,154.16.146.43:80
https,103.82.36.23:10206
https,184.170.249.65:4145
https,116.128.228.107:3128
https,173.212.223.23:48376
https,35.209.198.222:80
https,192.252.211.197:14921
https,202.61.204.51:80
https,223.113.80.158:9091
https,163.172.153.194:16379
https,211.234.125.3:443
https,45.179.203.83:999
https,111.68.117.200:4996
https,193.8.114.98:20616
https,209.159.153.19:26546
https,45.95.203.201:4444
https,103.178.194.190:1111
https,185.139.228.188:80
https,8.213.129.15:312
https,68.71.249.153:48606
https,173.212.223.23:48376
https,45.90.219.26:4444
https,8.213.129.15:64
https,103.168.254.134:1080
https,72.37.216.68:4145
https,67.201.33.10:25283
https,199.58.185.9:4145
https,164.92.237.188:53364
https,104.248.158.78:52130
https,117.74.65.207:12000
https,181.212.136.34:7518
https,74.48.7.43:80
https,72.195.34.60:27391
https,3.127.203.145:8080
https,216.215.125.178:48324
https,67.43.227.227:5537
https,213.136.78.200:49420
https,117.74.65.207:5002
https,98.162.25.4:31654
https,45.225.207.186:999
https,223.215.176.88:8089
https,184.181.217.210:4145
https,117.160.250.134:80
https,199.102.105.242:4145
https,112.240.187.231:3128
https,117.160.250.138:8899
https,218.202.193.12:3129
https,185.217.136.67:1337
https,68.71.254.6:4145
https,41.74.91.244:80
https,38.54.101.254:144
https,38.9.141.27:80
https,85.116.120.106:3629
https,121.200.63.26:10801
https,74.119.144.60:4145
https,142.54.237.34:4145
https,184.178.172.17:4145
https,184.178.172.5:15303
https,67.43.236.20:3685
https,67.201.59.70:4145
https,217.112.80.252:80
https,113.125.82.11:3128
https,144.91.68.111:8791
https,192.252.208.67:14287
https,83.97.79.72:3128
https,72.37.217.3:4145
https,82.64.77.30:80
https,117.74.65.207:9991
https,184.178.172.14:4145
https,185.51.92.84:51327
https,192.252.208.67:14287
https,184.185.2.12:4145
https,98.170.57.249:4145
https,192.111.138.29:4145
https,77.90.13.41:7579
https,162.241.46.6:31568
https,24.249.199.12:4145
https,98.178.72.21:10919
https,188.164.193.178:60033
https,218.255.187.60:80
https,122.155.165.191:3128
https,184.178.172.25:15291
https,247.29.150.187:3128
https,135.148.10.161:24773
https,173.213.71.7:80
https,68.71.247.130:4145
https,199.102.106.94:4145
https,142.54.235.9:4145
https,188.215.245.235:80
https,111.90.150.109:1080
https,2.47.51.25:8080
https,98.170.57.231:4145
https,195.114.209.50:80
https,124.158.182.34:7654
https,45.178.133.77:999
https,209.126.104.38:21525
https,103.177.9.104:8080
https,190.220.25.42:4153
https,201.148.125.126:4153
https,134.35.190.101:8080
https,45.178.133.78:999
https,104.37.175.207:49322
https,128.199.5.121:6402
https,178.62.7.98:40469
https,20.170.92.197:443
https,67.43.228.253:9363
https,45.140.188.113:80
https,185.244.210.185:80
https,142.54.226.214:4145
https,163.172.137.49:16379
https,142.44.210.174:80
https,162.55.87.48:5566
https,72.210.252.134:46164
https,182.16.187.212:8080
https,103.168.38.246:80
https,159.223.166.21:44192
https,154.12.253.232:64196
https,82.165.198.169:63596
https,98.162.25.7:31653
https,68.183.48.146:10000
https,5.39.69.35:31368
https,117.74.65.207:8041
https,162.240.72.139:28066
https,154.118.228.212:80
https,45.81.232.17:30696
https,107.152.98.5:4145
https,67.43.236.20:19103
https,210.212.39.138:8080
https,82.165.198.169:36295
https,89.116.191.51:80
https,185.95.227.244:4145
https,139.162.238.184:47781
https,45.95.203.150:4444
https,117.74.65.207:13
https,70.166.167.38:57728
https,192.111.137.34:18765
https,92.42.8.5:4145
https,38.54.101.254:3128
https,107.152.98.5:4145
https,38.156.235.36:999
https,120.28.220.100:8082
https,67.213.212.48:50998
https,161.97.74.176:30000
https,109.164.38.201:2306
https,164.92.237.188:59045
https,5.39.69.35:44775
https,103.25.45.38:4153
https,135.148.10.161:4051
https,195.175.22.194:5678
https,209.126.104.38:40053
https,121.227.178.101:8089
https,183.88.231.188:34599
https,45.95.203.137:4444
https,38.69.152.180:33333
https,135.148.10.161:22380
https,113.161.131.43:80
https,103.105.196.185:80
https,45.95.203.232:4444
https,45.81.232.17:50946
https,88.198.161.3:80
https,181.205.230.58:4153
https,46.232.248.164:80
https,139.99.148.90:3128
https,184.178.172.14:4145
https,23.19.244.109:1080
https,154.205.152.96:139
https,200.59.10.49:999
https,221.120.216.57:5678
https,201.48.62.65:4145
https,120.52.73.139:8082
https,103.211.51.168:80
https,147.182.195.54:41393
https,103.6.223.2:3128
https,117.74.65.207:65529
https,163.172.147.9:16379
https,61.186.243.6:9002
https,196.250.239.229:8787
https,185.212.60.62:80
https,117.74.65.207:4443
https,192.99.37.195:18020
https,122.187.14.227:3128
https,135.148.10.161:52506
https,104.37.135.145:4145
https,91.228.186.61:80
https,174.64.199.79:4145
https,190.109.72.17:33633
https,45.81.232.17:5709
https,47.114.101.57:8888
https,92.204.134.38:56177
https,51.75.126.150:48491
https,190.53.46.11:38525
https,112.51.96.118:9091
https,117.74.65.207:70
https,38.54.116.9:8080
https,45.95.203.167:4444
https,65.21.159.49:80
https,8.130.34.44:3127
https,45.71.185.245:999
https,38.145.211.246:8899
https,107.148.201.157:80
https,166.62.35.102:50478
https,201.174.38.160:999
https,135.148.10.161:37854
https,142.54.235.9:4145
https,164.92.86.113:63358
https,45.81.232.17:9287
https,209.126.6.159:80
https,103.83.232.122:80
https,116.63.129.202:6000
https,103.80.224.2:83
https,190.61.46.228:999
https,113.160.154.23:8080
https,132.148.128.8:17532
https,45.81.232.17:23363
https,45.81.232.17:9287
https,192.252.220.92:17328
https,102.68.128.218:8080
https,103.76.201.110:8080
https,77.68.77.181:80
https,47.88.3.19:8080
https,103.49.202.252:80
https,142.54.236.97:4145
https,38.91.107.2:62997
https,103.139.25.121:8080
https,98.162.25.23:4145
https,103.133.223.226:8080
https,98.188.47.150:4145
https,159.65.176.77:10010
https,147.12.46.62:3128
https,72.195.34.41:4145
https,5.135.188.62:9999
https,1.179.172.45:31225
https,202.154.18.133:8080
https,5.161.103.113:80
https,50.62.183.223:80
https,103.161.17.11:50031
https,72.10.164.178:3097
https,173.212.209.49:58855
https,170.239.205.10:8080
https,181.78.23.170:4153
https,190.144.80.122:8080
https,103.105.196.98:80
https,98.162.25.7:31653
https,174.64.199.82:4145
https,199.102.107.145:4145
https,45.81.232.17:59421
https,103.247.44.42:80
https,45.95.203.92:4444
https,91.107.142.189:80
https,185.109.184.150:56067
https,45.133.107.246:81
https,184.181.217.213:4145
https,103.169.254.185:2068
https,193.105.123.194:8123
https,154.12.253.232:12263
https,98.188.47.132:4145
https,103.112.244.254:5656
https,98.162.25.29:31679
https,162.214.103.84:14864
https,117.250.3.58:8080
https,103.167.171.43:8080
https,114.106.171.175:8089
https,72.210.252.137:4145
https,51.75.126.150:9181
https,103.86.1.34:4145
https,98.170.57.231:4145
https,168.227.11.135:9999
https,45.81.232.17:2244
https,117.74.65.207:84
https,45.81.232.17:48224
https,45.81.232.17:54393
https,31.170.22.127:1080
https,192.169.205.131:61590
https,117.74.65.207:9443
https,45.188.164.48:999
https,114.106.136.203:8089
https,137.184.133.124:38306
https,62.171.131.101:1184
https,200.94.102.10:999
https,212.107.12.77:80
https,184.178.172.5:15303
https,117.250.3.58:8080
https,51.15.249.101:16379
https,85.236.158.182:31152
https,192.252.215.5:16137
https,102.36.127.53:1080
https,8.130.39.117:1337
https,132.148.244.30:45157
https,184.170.245.148:4145
https,199.229.254.129:4145
https,67.43.227.228:16839
https,117.74.65.207:11000
https,72.206.181.123:4145
https,142.54.228.193:4145
https,142.54.239.1:4145
https,51.75.126.150:28381
https,58.75.126.235:4145
https,85.100.40.12:5678
https,185.109.184.150:53155
https,103.134.180.10:4153
https,135.148.10.161:36500
https,45.81.232.17:9165
https,72.206.181.123:4145
https,72.206.181.97:64943
https,173.212.223.23:9905
https,209.159.153.19:65199
https,193.8.114.48:20566
https,62.171.131.101:37447
https,178.62.7.98:46529
https,54.38.176.200:37172
https,49.156.33.154:5678
https,103.23.41.110:30058
https,37.52.50.28:5678
https,51.75.126.150:32847
https,192.111.139.163:19404
https,88.99.138.21:5271
https,66.42.224.229:41679
https,47.236.17.96:15673
https,185.89.181.212:5678
https,135.148.10.161:2682
https,89.161.90.203:5678
https,27.131.168.137:5678
https,62.109.0.18:24302
https,117.74.65.207:10022
https,177.131.29.208:4153
https,148.72.212.198:17160
https,135.148.10.161:4051
https,72.195.34.42:4145
https,125.70.227.214:10800
https,198.8.94.174:39078
https,178.62.7.98:46699
https,162.240.57.99:35528
https,190.2.102.145:4153
https,142.54.239.1:4145
https,199.187.210.54:4145
https,173.212.223.23:7316
https,37.131.222.71:28167
https,199.102.104.70:4145
https,38.57.3.39:61820
https,117.74.65.207:41890
https,199.229.254.129:4145
https,195.219.98.27:5678
https,45.81.232.17:30717
https,138.11.57.177:4444
https,98.175.31.195:4145
https,17.87.207.125:80
https,154.12.253.232:4607
https,154.12.253.232:30448
https,173.212.223.23:39968
https,43.255.113.232:85
https,114.232.110.86:8089
https,117.70.48.97:8089
https,103.105.196.73:80
https,103.105.196.75:80
https,117.69.232.12:8089
https,114.231.45.33:8089
https,103.47.175.161:83
https,43.255.113.232:84
https,103.16.118.165:8080
https,114.231.46.213:8089
https,117.69.232.225:8089
https,114.231.42.211:8089
https,36.6.144.188:8089
https,36.6.145.179:8089
https,114.232.110.77:8089
https,36.6.144.150:8089
https,114.231.8.52:8089
https,124.120.142.108:8080
https,194.85.135.243:4145
https,183.164.243.191:8089
https,43.255.113.232:8085
https,36.6.145.88:8089
https,103.171.240.138:8181
https,114.231.8.13:8089
https,178.47.37.40:1080
https,186.10.242.118:80
https,114.232.109.243:8089
https,114.232.109.131:8089
https,121.164.200.18:1080
https,188.125.169.8:8080
https,102.135.146.35:4153
https,114.231.82.176:8089
https,72.210.221.223:4145
https,98.181.137.80:4145
https,72.210.221.197:4145
https,45.189.118.232:999
https,183.164.242.236:8089
https,197.98.201.97:80
https,117.69.232.57:8089
https,197.98.201.97:10642
https,165.225.120.222:10568
https,43.252.237.99:4145
https,197.235.12.130:4145
https,143.137.198.221:5678
https,178.18.241.49:80
https,87.116.144.197:4153
https,117.54.114.103:80
https,154.73.29.33:8080
https,102.68.128.210:8080
https,114.232.109.162:8089
https,103.250.70.214:8080
https,209.14.112.3:1080
https,43.255.113.232:83
https,197.98.201.97:21002
https,197.98.201.97:10663
https,197.98.201.97:10382
https,197.98.201.97:10517
https,114.231.8.99:8089
https,146.19.106.194:12334
https,45.4.201.94:8080
https,103.191.58.60:8080
https,114.232.110.209:8089
https,178.115.230.243:8080
https,102.68.128.212:8080
https,95.188.84.149:1080
https,43.255.113.232:80
https,62.109.0.18:24201
https,195.74.72.111:5678
https,114.232.109.215:8089
https,165.16.60.235:8080
https,192.151.255.26:41698
https,190.95.209.180:999
https,177.93.37.36:999
https,103.28.112.126:8080
https,192.151.255.22:41698
https,202.154.19.218:8081
https,117.54.114.101:80
https,117.54.114.35:80
https,117.54.114.100:80
https,38.54.71.67:80
https,117.54.114.98:80
https,188.136.162.3:7060
https,
socks4,45.81.232.17:59421
socks4,24.249.199.4:4145
socks4,174.77.111.197:4145
socks4,103.111.160.41:5678
socks4,103.74.109.113:5678
socks4,177.136.124.36:3629
socks4,192.111.137.37:18762
socks4,116.235.137.76:4145
socks4,206.220.175.2:4145
socks4,117.74.65.207:70
socks4,117.74.65.207:4006
socks4,98.188.47.150:4145
socks4,117.74.65.207:9002
socks4,94.40.127.166:4145
socks4,117.74.65.207:58208
socks4,192.111.130.5:17002
socks4,166.0.235.250:31017
socks4,45.81.232.17:12873
socks4,198.8.84.3:4145
socks4,175.100.47.191:5678
socks4,192.111.135.17:18302
socks4,117.74.65.207:5446
socks4,144.91.68.111:51309
socks4,176.126.85.247:16379
socks4,51.158.76.35:16379
socks4,116.254.100.165:50536
socks4,5.39.69.35:53412
socks4,192.252.220.89:4145
socks4,45.81.232.17:61553
socks4,72.217.216.239:4145
socks4,174.64.199.79:4145
socks4,135.148.10.161:15626
socks4,36.37.189.64:5678
socks4,182.16.175.161:5678
socks4,135.148.10.161:19212
socks4,185.18.198.163:36508
socks4,5.178.204.235:2082
socks4,117.74.65.207:8085
socks4,117.74.65.207:2000
socks4,192.111.130.2:4145
socks4,72.206.181.97:64943
socks4,8.213.129.20:9000
socks4,135.148.10.161:14130
socks4,176.112.96.2:3629
socks4,192.252.208.70:14282
socks4,185.130.219.10:4153
socks4,5.1.104.67:33041
socks4,192.111.139.163:19404
socks4,24.249.199.12:4145
socks4,200.29.109.112:14888
socks4,72.217.158.202:4145
socks4,192.111.134.10:4145
socks4,54.36.108.149:50275
socks4,117.74.65.207:2332
socks4,89.218.5.106:50733
socks4,70.166.167.55:57745
socks4,45.81.232.17:14669
socks4,51.75.126.150:64815
socks4,142.54.228.193:4145
socks4,103.88.126.170:5678
socks4,162.55.87.48:5566
socks4,188.164.197.178:45205
socks4,207.180.204.122:61258
socks4,174.75.211.222:4145
socks4,31.200.242.201:9985
socks4,199.85.209.166:48428
socks4,98.162.25.16:4145
socks4,197.251.236.227:5678
socks4,23.19.244.109:1080
socks4,176.192.65.34:5020
socks4,152.228.134.212:21658
socks4,117.74.65.207:8000
socks4,192.111.137.35:4145
socks4,87.106.254.50:48175
socks4,110.78.148.227:4145
socks4,117.74.65.207:31653
socks4,199.116.114.11:4145
socks4,184.178.172.23:4145
socks4,135.148.10.161:35903
socks4,45.81.232.17:23363
socks4,184.178.172.18:15280
socks4,117.74.65.207:5801
socks4,203.153.125.14:65424
socks4,45.81.232.17:33549
socks4,135.148.10.161:56151
socks4,117.74.65.207:5004
socks4,117.74.65.207:8084
socks4,68.1.210.189:4145
socks4,37.18.73.60:5566
socks4,128.199.221.91:21605
socks4,91.211.177.33:3629
socks4,117.74.65.207:10250
socks4,185.46.170.253:4145
socks4,103.149.105.253:4153
socks4,45.81.232.17:38968
socks4,103.130.218.135:11923
socks4,107.181.168.145:4145
socks4,23.105.170.34:10224
socks4,182.16.175.164:5678
socks4,38.54.6.39:4000
socks4,192.252.215.5:16137
socks4,163.172.165.36:16379
socks4,117.74.65.207:6789
socks4,194.26.229.46:20001
socks4,95.111.227.164:51610
socks4,117.74.65.207:8291
socks4,45.81.232.17:29792
socks4,139.255.132.68:1080
socks4,8.130.34.237:8118
socks4,166.0.235.136:58980
socks4,117.74.65.207:8083
socks4,109.224.12.170:52015
socks4,146.59.18.246:3898
socks4,72.195.34.59:4145
socks4,45.81.232.17:27308
socks4,171.244.140.160:51042
socks4,117.74.65.207:8001
socks4,98.170.57.249:4145
socks4,50.62.58.158:52938
socks4,199.85.209.142:42479
socks4,5.161.74.107:9055
socks4,159.223.71.71:54370
socks4,117.74.65.207:999
socks4,184.181.217.201:4145
socks4,72.210.221.197:4145
socks4,45.81.232.17:41792
socks4,177.93.77.10:4153
socks4,192.252.220.92:17328
socks4,62.171.131.101:29497
socks4,91.205.131.110:53339
socks4,72.49.49.11:31034
socks4,197.232.47.102:52567
socks4,161.97.147.193:15371
socks4,117.70.48.97:8089
socks4,45.81.232.17:23711
socks4,72.206.181.103:4145
socks4,117.74.65.207:646
socks4,117.74.65.207:33427
socks4,135.148.10.161:3202
socks4,135.148.10.161:41456
socks4,181.129.74.58:30431
socks4,121.128.0.153:3128
socks4,117.74.65.207:1604
socks4,184.181.217.194:4145
socks4,117.74.65.207:12000
socks4,117.74.65.207:443
socks4,117.74.65.207:9991
socks4,135.148.10.161:28284
socks4,38.54.6.39:3128
socks4,104.200.152.30:4145
socks4,95.111.227.164:62653
socks4,117.74.65.207:7777
socks4,183.6.57.161:5678
socks4,135.148.10.161:15078
socks4,200.81.127.113:4153
socks4,69.61.200.104:36181
socks4,184.178.172.25:15291
socks4,45.81.232.17:5709
socks4,200.115.157.211:4145
socks4,45.81.232.17:47056
socks4,117.74.65.207:6666
socks4,213.145.137.102:37447
socks4,162.240.72.139:61185
socks4,117.74.65.207:6969
socks4,159.223.71.71:60377
socks4,51.89.173.40:51612
socks4,179.108.158.204:4145
socks4,72.195.34.41:4145
socks4,103.156.249.20:1080
socks4,135.148.10.161:59215
socks4,1.20.95.95:5678
socks4,62.171.131.101:35006
socks4,178.79.165.164:10989
socks4,8.213.129.20:3132
socks4,8.130.34.237:8090
socks4,45.81.232.17:37750
socks4,88.87.72.134:4145
socks4,192.252.214.20:15864
socks4,45.81.232.17:21189
socks4,116.99.238.197:54554
socks4,45.81.232.17:21481
socks4,98.162.25.23:4145
socks4,43.129.195.235:80
socks4,139.162.238.184:32964
socks4,117.74.65.207:7890
socks4,117.74.65.207:9050
socks4,50.192.49.195:32100
socks4,195.177.217.131:12885
socks4,72.210.208.101:4145
socks4,174.77.111.198:49547
socks4,104.200.135.46:4145
socks4,199.102.107.145:4145
socks4,45.81.232.17:5932
socks4,72.167.222.113:4125
socks4,184.178.172.28:15294
socks4,45.81.232.17:34447
socks4,185.109.184.150:56067
socks4,98.178.72.21:10919
socks4,117.74.65.207:87
socks4,8.130.34.237:5678
socks4,207.55.240.100:60908
socks4,152.228.134.212:62022
socks4,117.74.65.207:102
socks4,45.61.188.134:44499
socks4,38.242.240.167:56545
socks4,192.111.139.162:4145
socks4,39.101.65.228:9090
socks4,132.148.128.88:56355
socks4,184.178.172.13:15311
socks4,117.74.65.207:5002
socks4,117.74.65.207:84
socks4,103.107.68.5:5430
socks4,45.81.232.17:54393
socks4,45.138.87.238:1080
socks4,50.63.13.3:37673
socks4,135.181.30.244:27487
socks4,72.214.108.67:4145
socks4,45.12.31.197:80
socks4,54.38.179.162:5892
socks4,201.166.231.54:1192
socks4,95.111.227.164:36593
socks4,45.81.232.17:24803
socks4,171.244.140.160:9821
socks4,135.148.10.161:51589
socks4,39.101.65.228:50
socks4,161.97.173.42:30409
socks4,117.74.65.207:9443
socks4,72.195.114.169:4145
socks4,117.74.65.207:8888
socks4,117.74.65.207:50
socks4,8.130.36.245:8899
socks4,192.99.37.195:16166
socks4,117.74.65.207:8020
socks4,72.195.34.35:27360
socks4,120.29.153.250:5678
socks4,45.81.232.17:24079
socks4,5.202.149.40:8080
socks4,184.178.172.11:4145
socks4,46.36.65.117:1080
socks4,208.102.51.6:58208
socks4,162.241.182.171:39161
socks4,185.139.56.133:4145
socks4,117.74.65.207:7302
socks4,117.74.65.207:9001
socks4,184.181.217.206:4145
socks4,192.111.129.145:16894
socks4,154.205.152.96:139
socks4,8.130.36.245:9000
socks4,117.74.65.207:4002
socks4,149.62.193.91:4153
socks4,142.54.231.38:4145
socks4,117.74.65.207:88
socks4,8.213.128.6:8019
socks4,192.169.205.131:61590
socks4,8.130.36.245:3080
socks4,80.241.44.34:5678
socks4,162.0.220.161:44174
socks4,142.54.232.6:4145
socks4,142.54.229.249:4145
socks4,43.129.195.235:8081
socks4,165.140.185.217:39593
socks4,181.13.217.208:4153
socks4,8.213.129.15:3128
socks4,65.169.38.73:26592
socks4,174.64.199.82:4145
socks4,31.170.22.127:1080
socks4,184.170.248.5:4145
socks4,72.195.34.58:4145
socks4,82.165.198.169:42632
socks4,199.58.184.97:4145
socks4,72.195.114.184:4145
socks4,142.54.236.97:4145
socks4,135.148.10.161:15522
socks4,49.156.42.186:5678
socks4,45.81.232.17:4715
socks4,212.33.193.151:80
socks4,67.213.210.167:15818
socks4,103.82.36.23:10206
socks4,184.170.249.65:4145
socks4,173.212.223.23:48376
socks4,192.252.211.197:14921
socks4,163.172.153.194:16379
socks4,111.68.117.200:4996
socks4,8.213.129.15:312
socks4,192.111.135.18:18301
socks4,68.71.249.153:48606
socks4,107.181.161.81:4145
socks4,8.213.129.15:64
socks4,103.168.254.134:1080
socks4,72.37.216.68:4145
socks4,67.201.33.10:25283
socks4,199.58.185.9:4145
socks4,164.92.237.188:53364
socks4,139.255.45.67:5678
socks4,104.248.158.78:52130
socks4,181.212.136.34:7518
socks4,72.195.34.60:27391
socks4,216.215.125.178:48324
socks4,213.136.78.200:49420
socks4,98.162.25.4:31654
socks4,184.181.217.210:4145
socks4,199.102.105.242:4145
socks4,68.71.254.6:4145
socks4,62.171.131.101:1629
socks4,38.54.101.254:144
socks4,85.116.120.106:3629
socks4,121.200.63.26:10801
socks4,74.119.144.60:4145
socks4,142.54.237.34:4145
socks4,192.252.209.155:14455
socks4,184.178.172.17:4145
socks4,144.91.68.111:8791
socks4,72.37.217.3:4145
socks4,184.178.172.14:4145
socks4,185.51.92.84:51327
socks4,192.252.208.67:14287
socks4,184.185.2.12:4145
socks4,192.111.138.29:4145
socks4,77.90.13.41:7579
socks4,135.148.10.161:24773
socks4,68.71.247.130:4145
socks4,199.102.106.94:4145
socks4,142.54.235.9:4145
socks4,111.90.150.109:1080
socks4,98.170.57.231:4145
socks4,190.220.25.42:4153
socks4,201.148.125.126:4153
socks4,128.199.5.121:6402
socks4,142.54.226.214:4145
socks4,163.172.137.49:16379
socks4,72.210.252.134:46164
socks4,159.223.166.21:44192
socks4,154.12.253.232:64196
socks4,82.165.198.169:63596
socks4,5.39.69.35:31368
socks4,45.81.232.17:30696
socks4,107.152.98.5:4145
socks4,82.165.198.169:36295
socks4,185.95.227.244:4145
socks4,74.119.147.209:4145
socks4,45.81.232.17:2167
socks4,70.166.167.38:57728
socks4,192.111.137.34:18765
socks4,45.235.87.66:49997
socks4,92.42.8.5:4145
socks4,38.54.101.254:3128
socks4,171.244.10.204:38819
socks4,45.81.232.17:48085
socks4,67.213.212.48:50998
socks4,161.97.74.176:30000
socks4,195.177.217.131:25143
socks4,5.39.69.35:44775
socks4,103.25.45.38:4153
socks4,91.247.92.63:5678
socks4,195.175.22.194:5678
socks4,209.126.104.38:40053
socks4,38.69.152.180:33333
socks4,5.135.137.13:59124
socks4,135.148.10.161:22380
socks4,45.81.232.17:50946
socks4,181.205.230.58:4153
socks4,135.148.10.161:5607
socks4,163.172.129.251:16379
socks4,221.120.216.57:5678
socks4,201.48.62.65:4145
socks4,120.52.73.139:8082
socks4,163.172.147.9:16379
socks4,192.99.37.195:18020
socks4,103.191.196.56:1080
socks4,104.37.135.145:4145
socks4,188.190.176.114:5678
socks4,190.109.72.17:33633
socks4,103.48.181.189:4145
socks4,45.81.232.17:53288
socks4,51.75.126.150:48491
socks4,166.62.35.102:50478
socks4,192.111.139.165:4145
socks4,164.92.86.113:63358
socks4,45.81.232.17:9287
socks4,66.42.224.229:41679
socks4,192.252.216.81:4145
socks4,38.91.107.2:62997
socks4,184.178.172.3:4145
socks4,1.179.172.45:31225
socks4,181.78.23.170:4153
socks4,51.75.126.150:51468
socks4,98.162.25.7:31653
socks4,188.164.193.178:17585
socks4,51.89.173.40:44719
socks4,72.206.181.105:64935
socks4,184.181.217.213:4145
socks4,98.188.47.132:4145
socks4,8.130.34.44:9000
socks4,46.188.2.42:5678
socks4,98.162.25.29:31679
socks4,152.170.68.57:33333
socks4,72.210.252.137:4145
socks4,103.86.1.34:4145
socks4,218.3.253.238:10800
socks4,135.148.10.161:5174
socks4,45.81.232.17:2244
socks4,190.2.115.18:4153
socks4,45.81.232.17:48224
socks4,95.111.227.164:18415
socks4,45.81.232.17:11697
socks4,198.8.94.170:4145
socks4,144.91.68.111:60427
socks4,135.148.10.161:64870
socks4,135.148.10.161:26328
socks4,62.171.131.101:1184
socks4,8.130.39.117:20000
socks4,184.178.172.5:15303
socks4,135.148.10.161:52506
socks4,117.250.3.58:8080
socks4,184.170.245.148:4145
socks4,181.15.154.156:52033
socks4,188.164.193.178:39255
socks4,118.70.126.245:5678
socks4,51.75.126.150:28381
socks4,144.91.68.111:34685
socks4,58.75.126.235:4145
socks4,68.1.210.163:4145
socks4,8.130.34.44:8888
socks4,191.7.208.103:31576
socks4,45.81.232.17:27855
socks4,85.100.40.12:5678
socks4,174.77.111.196:4145
socks4,103.134.180.10:4153
socks4,135.148.10.161:36500
socks4,72.206.181.123:4145
socks4,120.52.73.119:8094
socks4,51.15.205.223:16379
socks4,36.93.157.49:5678
socks4,8.213.128.90:5004
socks4,45.32.102.15:10802
socks4,162.253.68.97:4145
socks4,208.109.14.49:6628
socks4,49.156.33.154:5678
socks4,192.169.226.96:4850
socks4,95.71.125.50:60867
socks4,135.148.10.161:8669
socks4,45.81.232.17:25306
socks4,103.23.41.110:30058
socks4,137.184.133.124:29842
socks4,135.148.10.161:23323
socks4,37.52.50.28:5678
socks4,162.214.121.11:11547
socks4,181.129.198.58:5678
socks4,185.89.181.212:5678
socks4,135.148.10.161:2682
socks4,180.178.104.110:5678
socks4,89.161.90.203:5678
socks4,51.89.173.40:40179
socks4,27.131.168.137:5678
socks4,45.81.232.17:54248
socks4,92.205.110.47:58622
socks4,117.74.65.207:10022
socks4,36.89.85.249:5678
socks4,192.162.232.15:1080
socks4,45.81.232.17:63186
socks4,45.81.232.17:31421
socks4,117.74.65.207:8018
socks4,177.131.29.208:4153
socks4,200.41.182.243:4145
socks4,45.81.232.17:9165
socks4,117.74.65.207:4118
socks4,12.178.231.252:5678
socks4,117.74.65.207:9091
socks4,67.201.59.70:4145
socks4,135.148.10.161:4051
socks4,72.195.34.42:4145
socks4,125.70.227.214:10800
socks4,117.74.65.207:2087
socks4,117.74.65.207:59394
socks4,198.8.94.174:39078
socks4,203.188.245.98:52837
socks4,117.74.65.207:9030
socks4,184.181.217.220:4145
socks4,178.62.7.98:46699
socks4,213.172.89.227:4153
socks4,162.240.57.99:35528
socks4,190.2.102.145:4153
socks4,194.233.91.22:13091
socks4,142.54.239.1:4145
socks4,203.160.61.101:4145
socks4,216.108.236.15:8888
socks4,199.187.210.54:4145
socks4,184.178.172.26:4145
socks4,103.30.0.249:4145
socks4,103.42.28.165:45787
socks4,192.53.126.207:10034
socks4,117.74.65.207:7548
socks4,188.92.110.174:1080
socks4,173.212.223.23:7316
socks4,37.131.222.71:28167
socks4,199.102.104.70:4145
socks4,38.57.3.39:61820
socks4,117.74.65.207:41890
socks4,199.229.254.129:4145
socks4,117.74.65.207:10002
socks4,138.36.150.15:1080
socks4,31.173.223.5:4153
socks4,195.219.98.27:5678
socks4,45.81.232.17:30717
socks4,72.195.101.99:4145
socks4,168.205.217.29:4145
socks4,103.10.99.110:5678
socks4,138.11.57.177:4444
socks4,98.175.31.195:4145
socks4,17.87.207.125:80
socks4,45.120.38.246:1088
socks4,154.12.253.232:4607
socks4,154.12.253.232:30448
socks4,178.20.45.29:80
socks4,173.212.223.23:39968
socks4,188.164.193.178:40150
socks4,124.120.142.108:8080
socks4,194.85.135.243:4145
socks4,121.164.200.18:1080
socks4,102.135.146.35:4153
socks4,43.252.237.99:4145
socks4,197.235.12.130:4145
socks4,143.137.198.221:5678
socks4,87.116.144.197:4153
socks4,209.14.112.3:1080
socks4,62.109.0.18:24201
socks4,195.74.72.111:5678
socks4,
socks5,45.81.232.17:54248
socks5,70.166.167.38:57728
socks5,192.111.135.18:18301
socks5,162.241.46.6:38583
socks5,72.195.101.99:4145
socks5,69.61.200.104:36181
socks5,45.81.232.17:21189
socks5,38.54.95.19:8080
socks5,135.148.10.161:26532
socks5,159.223.71.71:57206
socks5,199.187.210.54:4145
socks5,202.86.138.18:8080
socks5,45.81.232.17:2167
socks5,117.74.65.207:10021
socks5,168.138.66.48:8443
socks5,162.253.68.97:4145
socks5,117.74.65.207:8083
socks5,45.81.232.17:27308
socks5,192.252.208.70:14282
socks5,117.74.65.207:118
socks5,117.74.65.207:8060
socks5,98.162.25.29:31679
socks5,117.74.65.207:12345
socks5,103.113.71.230:1080
socks5,107.180.88.173:61358
socks5,95.111.227.164:45028
socks5,117.74.65.207:9091
socks5,45.81.232.17:41792
socks5,117.74.65.207:3000
socks5,45.81.232.17:37750
socks5,45.61.188.134:44499
socks5,192.111.137.34:18765
socks5,162.241.50.179:61318
socks5,208.102.51.6:58208
socks5,162.241.182.171:39161
socks5,51.15.252.246:16379
socks5,103.234.24.105:8880
socks5,45.81.232.17:61553
socks5,192.252.216.81:4145
socks5,172.104.154.229:47862
socks5,117.74.65.207:9001
socks5,117.74.65.207:8000
socks5,117.74.65.207:646
socks5,192.111.138.29:4145
socks5,14.185.53.138:1080
socks5,208.109.14.49:19374
socks5,135.148.10.161:15213
socks5,202.149.67.18:7999
socks5,8.130.36.245:2019
socks5,117.74.65.207:6789
socks5,117.74.65.207:5801
socks5,135.148.10.161:46472
socks5,199.102.105.242:4145
socks5,38.103.213.226:1080
socks5,184.181.217.213:4145
socks5,174.75.211.222:4145
socks5,223.112.53.2:1025
socks5,51.15.211.81:16379
socks5,61.178.94.23:7302
socks5,117.74.65.207:2332
socks5,74.119.144.60:4145
socks5,192.111.135.17:18302
socks5,192.111.139.165:4145
socks5,135.148.10.161:51589
socks5,194.4.50.91:12334
socks5,162.214.75.237:30687
socks5,117.74.65.207:8019
socks5,117.74.65.207:4063
socks5,184.178.172.18:15280
socks5,45.81.232.17:25306
socks5,139.162.238.184:17352
socks5,132.148.155.180:31878
socks5,68.1.210.163:4145
socks5,103.152.232.53:8199
socks5,72.210.252.137:4145
socks5,178.79.165.164:50468
socks5,184.181.217.201:4145
socks5,117.74.65.207:8989
socks5,199.85.209.142:3649
socks5,206.220.175.2:4145
socks5,54.36.108.149:9625
socks5,66.29.129.52:54109
socks5,23.95.187.215:80
socks5,103.174.178.137:2016
socks5,184.178.172.23:4145
socks5,117.74.65.207:2000
socks5,185.109.184.150:52089
socks5,117.74.65.207:11002
socks5,24.249.199.4:4145
socks5,188.164.193.178:31704
socks5,45.81.232.17:12873
socks5,45.81.232.17:24079
socks5,207.180.204.122:32444
socks5,117.74.65.207:7777
socks5,184.178.172.11:4145
socks5,117.74.65.207:83
socks5,45.81.232.17:21481
socks5,117.74.65.207:993
socks5,67.213.210.118:24966
socks5,135.148.10.161:64870
socks5,59.36.24.138:1080
socks5,45.81.232.17:48224
socks5,199.102.106.94:4145
socks5,135.148.10.161:50205
socks5,117.74.65.207:9030
socks5,38.242.216.114:47211
socks5,184.178.172.26:4145
socks5,45.81.232.17:50946
socks5,68.71.254.6:4145
socks5,184.185.2.12:4145
socks5,142.54.237.34:4145
socks5,45.81.232.17:33549
socks5,178.128.82.105:33702
socks5,207.180.204.122:35655
socks5,162.144.36.208:27531
socks5,141.11.1.240:1080
socks5,77.90.13.41:7579
socks5,45.81.232.17:34447
socks5,45.81.232.17:31421
socks5,184.181.217.220:4145
socks5,45.81.232.17:11697
socks5,117.74.65.207:8291
socks5,184.178.172.3:4145
socks5,198.12.253.1:18218
socks5,98.175.31.195:4145
socks5,45.81.232.17:4715
socks5,188.164.193.178:2592
socks5,72.206.181.103:4145
socks5,45.81.232.17:38968
socks5,194.233.91.18:18194
socks5,112.5.33.179:999
socks5,45.81.232.17:5932
socks5,45.81.232.17:14669
socks5,198.8.84.3:4145
socks5,38.54.95.19:3128
socks5,199.116.114.11:4145
socks5,152.228.134.212:35405
socks5,72.214.108.67:4145
socks5,117.74.65.207:59394
socks5,142.54.232.6:4145
socks5,45.81.232.17:30696
socks5,135.148.10.161:32809
socks5,72.195.34.58:4145
socks5,117.74.65.207:8888
socks5,45.81.232.17:23711
socks5,31.200.242.201:12196
socks5,117.74.65.207:50001
socks5,117.74.65.207:7890
socks5,104.200.135.46:4145
socks5,45.81.232.17:2244
socks5,117.74.65.207:7004
socks5,117.74.65.207:2087
socks5,45.81.232.17:24803
socks5,142.54.226.214:4145
socks5,45.81.232.17:48085
socks5,192.111.134.10:4145
socks5,107.180.101.226:5023
socks5,174.77.111.196:4145
socks5,72.195.34.42:4145
socks5,89.208.30.16:7894
socks5,117.74.65.207:85
socks5,68.71.249.153:48606
socks5,171.252.131.55:25088
socks5,92.205.105.134:24882
socks5,68.1.210.189:4145
socks5,72.195.114.184:4145
socks5,117.74.65.207:2375
socks5,117.74.65.207:10006
socks5,117.74.65.207:9002
socks5,142.54.229.249:4145
socks5,139.198.29.235:3128
socks5,117.74.65.207:8047
socks5,117.74.65.207:35904
socks5,192.111.139.162:4145
socks5,72.195.34.60:27391
socks5,117.74.65.207:58208
socks5,117.74.65.207:5446
socks5,117.74.65.207:1604
socks5,184.181.217.210:4145
socks5,65.169.38.73:26592
socks5,43.229.85.48:49665
socks5,67.201.33.10:25283
socks5,117.74.65.207:443
socks5,72.210.208.101:4145
socks5,117.74.65.207:9992
socks5,192.252.211.197:14921
socks5,150.109.243.206:15673
socks5,117.74.65.207:8282
socks5,142.48.178.235:8081
socks5,98.181.137.83:4145
socks5,104.200.152.30:4145
socks5,45.81.232.17:30717
socks5,117.74.65.207:6969
socks5,174.77.111.198:49547
socks5,192.111.137.35:4145
socks5,128.199.109.115:14505
socks5,199.102.104.70:4145
socks5,184.170.248.5:4145
socks5,117.74.65.207:87
socks5,117.74.65.207:50
socks5,125.227.225.157:3389
socks5,117.74.65.207:9050
socks5,104.37.135.145:4145
socks5,117.74.65.207:5986
socks5,72.195.114.169:4145
socks5,74.119.147.209:4145
socks5,37.18.73.60:5566
socks5,72.49.49.11:31034
socks5,107.181.161.81:4145
socks5,104.248.151.220:53177
socks5,168.138.192.192:3128
socks5,104.238.96.52:21638
socks5,192.111.130.2:4145
socks5,95.111.227.164:17351
socks5,212.231.230.141:18500
socks5,117.74.65.207:4002
socks5,72.217.216.239:4145
socks5,117.74.65.207:8085
socks5,117.74.65.207:8018
socks5,117.74.65.207:60489
socks5,117.74.65.207:10002
socks5,199.58.185.9:4145
socks5,192.111.137.37:18762
socks5,192.252.220.89:4145
socks5,51.89.173.40:26545
socks5,8.213.128.6:1000
socks5,184.181.217.194:4145
socks5,192.252.214.20:15864
socks5,98.188.47.132:4145
socks5,199.58.184.97:4145
socks5,152.228.134.212:17081
socks5,198.12.253.1:43113
socks5,45.81.232.17:63186
socks5,72.167.220.46:45783
socks5,92.204.134.38:25675
socks5,107.181.168.145:4145
socks5,72.195.34.35:27360
socks5,117.74.65.207:31653
socks5,184.178.172.17:4145
socks5,45.81.232.17:17639
socks5,171.244.140.160:36007
socks5,184.181.217.206:4145
socks5,163.172.166.35:16379
socks5,117.74.65.207:4006
socks5,45.81.232.17:27855
socks5,70.166.167.55:57745
socks5,135.148.10.161:14130
socks5,121.13.251.112:7302
socks5,45.138.87.238:1080
socks5,8.213.129.20:8123
socks5,144.91.66.30:42711
socks5,198.8.94.174:39078
socks5,72.210.252.134:46164
socks5,51.79.87.144:22500
socks5,45.81.232.17:53288
socks5,184.170.245.148:4145
socks5,98.162.25.16:4145
socks5,72.167.220.46:57824
socks5,193.8.114.98:20616
socks5,209.159.153.19:26546
socks5,173.212.223.23:48376
socks5,117.74.65.207:12000
socks5,117.74.65.207:5002
socks5,112.240.187.231:3128
socks5,117.74.65.207:82
socks5,184.178.172.5:15303
socks5,67.201.59.70:4145
socks5,192.252.208.67:14287
socks5,117.74.65.207:9991
socks5,117.74.65.207:33427
socks5,142.54.231.38:4145
socks5,68.71.247.130:4145
socks5,92.204.134.38:20872
socks5,98.170.57.249:4145
socks5,162.241.46.6:31568
socks5,24.249.199.12:4145
socks5,195.98.77.224:1080
socks5,98.178.72.21:10919
socks5,188.164.193.178:60033
socks5,184.178.172.25:15291
socks5,247.29.150.187:3128
socks5,209.126.104.38:21525
socks5,1.15.62.12:5678
socks5,104.37.175.207:49322
socks5,178.62.7.98:40469
socks5,192.111.129.145:16894
socks5,162.55.87.48:5566
socks5,8.142.3.145:3306
socks5,98.162.25.7:31653
socks5,72.195.34.59:4145
socks5,117.74.65.207:8041
socks5,162.240.72.139:28066
socks5,184.178.172.28:15294
socks5,154.12.253.232:57644
socks5,139.162.238.184:47781
socks5,72.206.181.105:64935
socks5,117.74.65.207:13
socks5,107.152.98.5:4145
socks5,117.74.65.207:4118
socks5,94.23.252.168:9180
socks5,117.74.65.207:8084
socks5,164.92.237.188:59045
socks5,50.63.13.3:37673
socks5,135.148.10.161:4051
socks5,192.252.209.155:14455
socks5,184.178.172.14:4145
socks5,23.19.244.109:1080
socks5,154.205.152.96:139
socks5,98.162.25.4:31654
socks5,147.182.195.54:41393
socks5,117.74.65.207:65529
socks5,117.74.65.207:4443
socks5,135.148.10.161:52506
socks5,174.64.199.79:4145
socks5,117.74.65.207:6666
socks5,45.81.232.17:5709
socks5,92.204.134.38:56177
socks5,45.81.232.17:29792
socks5,117.74.65.207:70
socks5,38.54.116.9:8080
socks5,8.130.34.44:3127
socks5,135.148.10.161:37854
socks5,142.54.235.9:4145
socks5,38.54.101.254:144
socks5,132.148.128.8:17532
socks5,45.81.232.17:23363
socks5,117.16.46.63:3128
socks5,45.81.232.17:9287
socks5,192.252.220.92:17328
socks5,117.74.65.207:8003
socks5,142.54.236.97:4145
socks5,98.162.25.23:4145
socks5,98.188.47.150:4145
socks5,72.167.221.145:12474
socks5,72.195.34.41:4145
socks5,192.111.130.5:17002
socks5,161.97.147.193:10766
socks5,103.161.17.11:50031
socks5,132.148.155.180:45705
socks5,173.212.209.49:58855
socks5,72.37.216.68:4145
socks5,174.64.199.82:4145
socks5,199.102.107.145:4145
socks5,45.81.232.17:59421
socks5,185.109.184.150:56067
socks5,218.64.255.198:7302
socks5,154.12.253.232:12263
socks5,162.214.103.84:14864
socks5,117.250.3.58:8080
socks5,207.148.12.169:58310
socks5,51.75.126.150:9181
socks5,174.77.111.197:4145
socks5,98.170.57.231:4145
socks5,117.74.65.207:84
socks5,45.81.232.17:54393
socks5,31.170.22.127:1080
socks5,192.169.205.131:61590
socks5,117.74.65.207:9443
socks5,137.184.133.124:38306
socks5,184.170.249.65:4145
socks5,154.12.178.107:29985
socks5,45.43.11.72:1080
socks5,51.15.249.101:16379
socks5,85.236.158.182:31152
socks5,192.252.215.5:16137
socks5,102.36.127.53:1080
socks5,8.130.39.117:1337
socks5,132.148.244.30:45157
socks5,199.229.254.129:4145
socks5,72.37.217.3:4145
socks5,117.74.65.207:11000
socks5,198.8.94.170:4145
socks5,72.206.181.123:4145
socks5,142.54.228.193:4145
socks5,142.54.239.1:4145
socks5,184.178.172.13:15311
socks5,185.109.184.150:53155
socks5,135.148.10.161:41456
socks5,51.75.126.150:21090
socks5,45.81.232.17:9165
socks5,72.206.181.97:64943
socks5,173.212.223.23:9905
socks5,5.252.23.249:1080
socks5,209.159.153.19:65199
socks5,193.8.114.48:20566
socks5,62.171.131.101:37447
socks5,178.62.7.98:46529
socks5,54.38.176.200:37172
socks5,72.217.158.202:4145
socks5,51.75.126.150:32847
socks5,192.111.139.163:19404
socks5,88.99.138.21:5271
socks5,66.42.224.229:41679
socks5,47.236.17.96:15673
socks5,62.109.0.18:24302
socks5,148.72.212.198:17160
socks5,178.47.37.40:1080
socks5,72.210.221.223:4145
socks5,98.181.137.80:4145
socks5,72.210.221.197:4145
socks5,146.19.106.194:12334
socks5,95.188.84.149:1080
socks5,
